<?xml version="1.0" encoding="utf-8"?>
<language level="IndexNone" defaultAction="Auto">
	<!--
	Custom Index Language Definition File

	<language> root node which specifies any defaults found in key nodes
		<key> child node of language which can have the following attributes:
			name = Name of the key (max is 16 chars)
			description = Description of the key (max is 256 bytes, strings encoded as UTF-8)
			format = Type format of the value which can be:
				Int8, UInt8, Int16, UInt16, Int32, UInt32, Int64, UInt64, UInt128
				Float32, Float64, TimeT, Binary, Text, IPv4, IPv6, MAC
			level = The index level for the key.  If not defined, it will be set to IndexNone.
				IndexNone   - Default index level which provides no indexing
				IndexKeys   - Provide indexing at the key level (e.g., identify which sessions have values, but do not track
					          the actual values.  This provides highly efficient exists or !exists queries, but slower
							  queries for other operators like: key = 'some value'
				IndexValues - Highest indexing level.  Provides the best performance for all query operators but also takes
				              the most time to index and requires the most storage space.
			valueMax = Maximum number of unique values allowed per index slice (typically 1 to 4 slices are created per day).
			           Zero means unbounded.  Only applicable to level="IndexValues"
			defaultAction = Default investigation action for each report: Open, Closed, Auto, Hidden
			protected = A flag indicating to downstream components that the appropriate access, persistence, retention, and
						propagation policies must be applied to meta values received of this key type:
				true 	- The key will have the protected flag set
				false	- default behavior, equivalent to not specifying the protected attribute
			transient = Indicates that any meta values created for this key during content parsing should not be
						persisted and will not be visible to any downstream/client services:
				true 	- The above behavior is enabled (decoder/logdecoder only)
				false	- default behavior, equivalent to not specifying the transient attribute
			token = An informational flag indicating that values for this key are stand-ins for another value and may not be
					visually interesting, primarily for UI elements to display the value in a more useful or visually
					pleasing format:
				true 	- The key will have the token flag set
				false	- default behavior, equivalent to not specifying the token attribute

			<value> Sub element of key which specifies overrides at the value level:
				name = Specific value for the override
				action = keep|filter
				
			<aliases> - Sub element of <key> for providing human readable aliases for parsed meta values
				<alias format="$value $alias or just $alias" value="a value">alias string</alias>
			</aliases>

			<transform> This child element of key indicates that any values of this key type created during content parsing
						(decoder/logdecoder) will be transformed and the resulting value persisted in another key,
						informational when specified on other services
				destination = specifies the key name of the transformed meta value to create

	Decoder examples - Normally you do not need to edit index files on the Decoder, unless you want to add
	aliases or have data privacy requirements.  Parsers and feeds declare their meta keys internally and those keys
	are automatically added to the language.  Also, you should *never* set the index level to IndexKeys or IndexValues
	on a Decoder if you have a Concentrator/Archiver aggregating from it.  The index partition size is too small to
	support any indexing beyond the default "time" meta.

		Data privacy
		<key description="existing meta key" format="Text" level="IndexNone" name="existing" protected="true">
			<transform destination="existing.hash"/>
		</key>

	Concentrator/Archiver examples - Any new meta keys that should be indexed must be added to this file.

		Adding new meta key for custom parser at the index key level
		<key description="my new parser meta key" format="Text" level="IndexKey" name="mynewparserkey"/>

		Data privacy
		<key description="existing meta key" format="Text" level="IndexValues" name="existing" protected="true">
			<transform destination="existing.hash"/>
		</key>
		<key description="existing meta key hash" format="Text" level="IndexValues" name="existing.hash" token="true"/>

	Broker derives its language from all the devices it aggregates from.  There is simply no need to edit a broker's
	custom language file.
	-->
	
	<!-- *** Please insert your custom keys or modifications below this line *** -->
<!-- Broker/Concentrator/Investigator Custom Meta Keys -->

<!-- IR Keys -->
<key description="IR Alert" format="Text" level="IndexValues" name="ir.alert" valueMax="10000" />
<key description="IR General" format="Text" level="IndexValues" name="ir.general" valueMax="10000" />
<!-- IR Feed based Keys -->
<key description="IR Feed" format="Text" level="IndexValues" name="ir.feed" valueMax="100000" />
<key description="IR MD5" format="Text" level="IndexNone" name="ir.md5" />
<key description="IR Description" format="Text" level="IndexKeys" name="ir.desc" />

<!-- new IR keys -->
<key description="Session Characteristics" format="Text" level="IndexValues" name="analysis.session" valueMax="10000" />
<key description="Service Characteristics" format="Text" level="IndexValues" name="analysis.service" valueMax="10000" />
<key description="File Characteristics" format="Text" level="IndexValues" name="analysis.file" valueMax="10000" />
<key description="Indicators of Compromise" format="Text" level="IndexValues" name="ioc" valueMax="10000" />
<key description="Behaviors of Compromise" format="Text" level="IndexValues" name="boc" valueMax="10000" />
<key description="Enablers of Compromise" format="Text" level="IndexValues" name="eoc" valueMax="10000" />
<key description="TCP Flags" level="IndexValues" name="tcpflags" valueMax="100" format="Text"/>

<!-- Archer Asset Criticality Integration -->
<key description="Criticality" format="Text" level="IndexValues" name="criticality" valueMax="1000" defaultAction="Closed"/>
<key description="Business Unit" format="Text" level="IndexValues" name="businessunit" valueMax="1000" defaultAction="Closed"/>
<key description="Facility" format="Text" level="IndexValues" name="facility" valueMax="1000" defaultAction="Closed"/>

<!-- Override default index levels -->
<key description="IP Aliases" level="IndexValues" name="alias.ip" valueMax="2500000" defaultAction="Closed"/>
<key description="SSL CA" level="IndexValues" name="ssl.ca" format="Text" valueMax="100000" defaultAction="Closed"/>
<key description="SSL Subject" level="IndexValues" name="ssl.subject" format="Text" valueMax="100000" defaultAction="Closed"/>

<!-- Feeds -->
<!-- Netname -->
<key description="NetName" format="Text" level="IndexValues" name="netname" valueMax="1000" defaultAction="Closed"/>   
<key description="Source NetName" format="Text" level="IndexValues" name="netname.src" valueMax="1000" defaultAction="Closed"/>   
<key description="Destination NetName" format="Text" level="IndexValues" name="netname.dst" valueMax="1000" defaultAction="Closed"/>

<!-- Parsers -->
<!-- email.url.host (from NW Live) -->
<key description="Email URL Host" format="Text" level="IndexValues" name="email.url.host" defaultAction="Closed" valueMax="500000"/>
<!-- email_expanded_parser -->
<key description="Email From"  level="IndexValues" name="emailfrom" valueMax="500000" format="Text" defaultAction="Closed"/>
<key description="Email To"  level="IndexValues" name="emailto" valueMax="500000" format="Text" defaultAction="Closed"/>
<key description="Email X-Mailer"  level="IndexValues" name="emailxmailer" valueMax="500000" format="Text" defaultAction="Closed"/>
<key description="Email from Domain" level="IndexValues" name="emailfromdomain" valueMax="500000" format="Text" defaultAction="Closed"/>
<!-- full_useragent -->
<key description="User-Agent Extended" format="Text" level="IndexValues" name="agent.ext" defaultAction="Closed" valueMax="500000"  />
<!-- HTTP_headers -->
<key description="HTTP Request Header" format="Text" level="IndexValues" name="http.request" defaultAction="Closed" valueMax="5000" />
<key description="HTTP Response Header" format="Text" level="IndexValues" name="http.response" defaultAction="Closed" valueMax="5000" />
<key description="Unique HTTP Request Header" level="IndexKeys" name="req.uniq" format="Text" defaultAction="Closed"/>
<key description="Unique HTTP Response Header" level="IndexKeys" name="res.uniq" format="Text" defaultAction="Closed"/>
<!-- Named_Pipe -->
<key description="Pipe Details" level="IndexValues" name="named.pipe" valueMax="10000" format="Text" defaultAction="Closed"/>
<!-- Advanced RDP -->
<key description="RDP Info" level="IndexValues" name="rdp.info" valueMax="10000" format="Text" defaultAction="Closed"/>
<!-- Direction App Rules -->
<key description="Direction" level="IndexValues" name="direction" valueMax="100" format="Text"/>
<!-- TxRx Bytes Parser -->
<key description="Payload Transmit Bytes"  level="IndexNone" name="txbytes" format="UInt32" defaultAction="Closed"/>
<key description="Payload Receive Bytes"  level="IndexNone" name="rxbytes"  format="UInt32" defaultAction="Closed"/>
<key description="Payload Transmit Receive Ratio"  level="IndexValues" name="bytes.ratio"  format="UInt8" valueMax="101" defaultAction="Closed"/>
<key description="TX Retransmit Packet Ratio" level="IndexValues" name="txrpacket.ratio" format="UInt8" valueMax="101" defaultAction="Closed"/>
<key description="RX Retransmit Packet Ratio" level="IndexValues" name="rxrpacket.ratio" format="UInt8" valueMax="101" defaultAction="Closed"/>

<key description="Referer Host" level="IndexValues" name="referer.host" format="Text" valueMax="2500000" />
<key description="Root Host" level="IndexValues" name="root.host" format="Text" valueMax="2500000" />
<key description="IP Address" level="IndexValues" name="ip" format="IPv4" valueMax="15000000" />

<key description="Second Level Domain" level="IndexValues" name="sld" format="Text" valueMax="2500000" />

<key description="Source Host" format="Text" level="IndexValues" name="host.src" valueMax="1000000" defaultAction="Closed"/>   
<key description="Destination host" format="Text" level="IndexValues" name="host.dst" valueMax="1000000" defaultAction="Closed"/>

<!-- Nethost -->
<key description="Source NetHost" format="Text" level="IndexValues" name="nethost.src" valueMax="1000" defaultAction="Closed"/>   
<key description="Destination Nethost" format="Text" level="IndexValues" name="nethost.dst" valueMax="1000" defaultAction="Closed"/>

<key description="Application" format="Text" level="IndexValues" name="application" defaultAction="Closed" valueMax="5000" />

<key description="DNS Query Type" level="IndexValues" name="dns.querytype" format="Text" valueMax="2500000" />
<key description="DNS Response Type" level="IndexValues" name="dns.responsetype" format="Text" valueMax="2500000" />
<key description="DNS Response Text" level="IndexNone" name="dns.resptext" format="Text" valueMax="2500000" />
<key description="DNS Time to Live" level="IndexValues" name="dns.ttl" format="UInt32" valueMax="25000000" />

<key description="Streams"  level="IndexValues" name="streams"  format="UInt8" valueMax="8" defaultAction="Closed"/>
<key description="Filename" level="IndexValues" format="Text" name="filename" valueMax="2000000" defaultAction="Closed"/>
<key description="Directory" level="IndexValues" format="Text" name="directory" valueMax="2000000" defaultAction="Closed"/>
<key description="Iframe Host" level="IndexValues" name="iframe.host" format="Text" valueMax="2500000" />
<key description="Session Split Count"  level="IndexValues" name="session.split"  format="UInt16" defaultAction="Closed"/>
<key description="SSL JA3 Hash" level="IndexValues" name="ssl.ja3" format="Text" valueMax="2500000" />
<key description="TTL Request"  level="IndexValues" name="ttl.req"  format="UInt8" valueMax="300" />
<key description="TTL Response"  level="IndexValues" name="ttl.resp"  format="UInt8" valueMax="300" />

<!-- NWE Tracking Data -->
<key description="Checksum" format="Text" level="IndexValues" name="checksum" valueMax="1000000" defaultAction="Open"/>
<key description="Parent Process" format="Text" level="IndexValues" name="parent.process" valueMax="1000000" defaultAction="Open"/>
<key description="Parent Process Parameters" format="Text" level="IndexValues" name="parent.params" valueMax="1000000" defaultAction="Open"/>
<key description="Process Parameters" format="Text" level="IndexValues" name="params" valueMax="1000000" defaultAction="Open"/>
<key description="Category" format="Text" level="IndexValues" name="category" valueMax="1000000" defaultAction="Open"/>

<key description="Querystring" level="IndexValues" name="query" format="Text"/>
<key description="HTTP Title" level="IndexValues" name="http.title" format="Text"/>
<key description="Signal" level="IndexValues" name="signal" format="Text"/>
<key description="Cookie" level="IndexValues" name="cookie" format="Text"/>
<key description="Cookie Length" level="IndexValues" name="cookie.len" valueMax="65536" format="UInt16"/>
<key description="Cookie Value Count" level="IndexValues" name="cookie.val" valueMax="65536" format="UInt16"/>

<key description="SMB Path" level="IndexValues" name="smb.path" format="Text"/>
<key description="ASN Source" level="IndexValues" name="asn.src" format="Text"/>
<key description="ASN Destination" level="IndexValues" name="asn.dst" format="Text"/>
<key description="Continent Source" level="IndexValues" name="continent.src" format="Text"/>
<key description="Continent Destination" level="IndexValues" name="continent.dst" format="Text"/>
<key description="Originating Organization" level="IndexValues" name="org.orig" format="Text"/>
<key description="Originating Country" level="IndexValues" name="country.orig" format="Text"/>

<key description="Service Type" format="UInt32" level="IndexValues" name="service" valueMax="200" defaultAction="Open">
		<aliases>
			<alias format="$alias" value="0">OTHER</alias>
			<alias format="$alias" value="20">FTPD</alias>
			<alias format="$alias" value="21">FTP</alias>
			<alias format="$alias" value="22">SSH</alias>
			<alias format="$alias" value="23">TELNET</alias>
			<alias format="$alias" value="25">SMTP</alias>
			<alias format="$alias" value="53">DNS</alias>
			<alias format="$alias" value="67">DHCP</alias>
			<alias format="$alias" value="69">TFTP</alias>
			<alias format="$alias" value="80">HTTP</alias>
			<alias format="$alias" value="110">POP3</alias>
			<alias format="$alias" value="111">SUNRPC</alias>
			<alias format="$alias" value="119">NNTP</alias>
			<alias format="$alias" value="123">NTP</alias>
			<alias format="$alias" value="135">RPC</alias>
			<alias format="$alias" value="137">NETBIOS</alias>
			<alias format="$alias" value="139">SMB</alias>
			<alias format="$alias" value="143">IMAP</alias>
			<alias format="$alias" value="161">SNMP</alias>
			<alias format="$alias" value="179">BGP</alias>
			<alias format="$alias" value="443">SSL</alias>
			<alias format="$alias" value="502">MODBUS</alias>
			<alias format="$alias" value="520">RIP</alias>
			<alias format="$alias" value="1024">EXCHANGE</alias>
			<alias format="$alias" value="1080">SOCKS</alias>
			<alias format="$alias" value="1122">MSN IM</alias>
			<alias format="$alias" value="1344">ICAP</alias>
			<alias format="$alias" value="1352">NOTES</alias>
			<alias format="$alias" value="1433">TDS</alias>
			<alias format="$alias" value="1521">TNS</alias>
			<alias format="$alias" value="1533">SAMETIME</alias>
			<alias format="$alias" value="1719">H.323</alias>
			<alias format="$alias" value="1720">RTP</alias>
			<alias format="$alias" value="2000">SKINNY</alias>
			<alias format="$alias" value="2040">SOULSEEK</alias>
			<alias format="$alias" value="2049">NFS</alias>
			<alias format="$alias" value="3270">TN3270</alias>
			<alias format="$alias" value="3389">RDP</alias>
			<alias format="$alias" value="3700">DB2</alias>
			<alias format="$alias" value="5050">YAHOO IM</alias>
			<alias format="$alias" value="5060">SIP</alias>
			<alias format="$alias" value="5190">AOL IM</alias>
			<alias format="$alias" value="5222">Google Talk</alias>
			<alias format="$alias" value="5900">VNC</alias>
			<alias format="$alias" value="6346">GNUTELLA</alias>
			<alias format="$alias" value="6667">IRC</alias>
			<alias format="$alias" value="6801">Net2Phone</alias>
			<alias format="$alias" value="6881">BITTORRENT</alias>
			<alias format="$alias" value="8000">QQ</alias>
			<alias format="$alias" value="8002">YCHAT</alias>
			<alias format="$alias" value="8019">WEBMAIL</alias>
			<alias format="$alias" value="8082">FIX</alias>
			<alias format="$alias" value="20000">DNP3</alias>
			<alias format="$alias" value="1000000">KERNEL</alias>
			<alias format="$alias" value="1000001">USER</alias>
			<alias format="$alias" value="1000003">SYSTEM</alias>
			<alias format="$alias" value="1000004">AUTH</alias>
			<alias format="$alias" value="1000005">LOGGER</alias>
			<alias format="$alias" value="1000006">LPD</alias>
			<alias format="$alias" value="1000008">UUCP</alias>
			<alias format="$alias" value="1000009">SCHEDULE</alias>
			<alias format="$alias" value="1000010">SECURITY</alias>
			<alias format="$alias" value="1000013">AUDIT</alias>
			<alias format="$alias" value="1000014">ALERT</alias>
			<alias format="$alias" value="1000015">CLOCK</alias>
                        <alias format="$alias" value="16402">FACETIME</alias>
                        <alias format="$alias" value="3113">FACEBOOK</alias>
                        <alias format="$alias" value="8148">QUIC</alias>
                        <alias format="$alias" value="192">APPLE-AIRPORT</alias>
                        <alias format="$alias" value="5938">TEAMVIEWER</alias>
		</aliases>
	</key>

</language>

